,Text,Actual,Predicted
1111,developed anorexia years ago even knew edtwt risas,0,1
1448,height bulimia vs recovery therapy learning total food freedom,0,1
1326,tw eating disorders iâ€™m recovery anymore honestly donâ€™t know feel worse relapsing ever thinking could possibly recover pray nobody know irl notices,0,1
807,ever wish could stop thanksgiving binge eating drinking ğŸ—ğŸŒ°ğŸ§‡ well top 5 tips ğŸ’« check link video shows exactly ğŸ‘‰ much love britt xoxo,1,0
270,"tw ed anorexia uhm irl said ""i went ed worst"" ""bsf"" literally responded ""thank fuck dont issues"" fucking insensitive",0,1
865,yall bully dont go eat icecreamğŸ˜€ğŸ˜€ğŸ’”,0,1
887,swear ill happy im skinny funny jokes tell,0,1
1359,another study highlighting impact covid19 eating disorders compulsive exercise anxiety intolerance uncertainty source,1,0
1811,spoke recently christmas eating disorders challenges people face,1,0
1309,eating disorders mental disorders weight disorders please stop posting amp photos perpetuate false narrative amp reinforce thinemaciated valid ed recovery much body looks like,0,1
429,hear family talking shit eating habits im anorexic stfu happy im eating,0,1
453,study found feelings anxiety amp stress caused covid19 associated greater desire thinness women negative one main causes eating disorders anorexia amp bulimia prof viren swami,1,0
1734,research finds people eat homecooked meals regular basis tend happier amp healthier eat homecooked meal today subscribe,1,0
1244,tw eating disorder dont need doctor tell ed stupid also dont need doctor tell im constantly anxious dont need doctor tell feelings mean research talk individuals conditions,0,1
715,phase hardest one binge eating omg starved body much guess,0,1
1635,tw eating disorders struggled eating disorder dealt addiction like im healed past said ed recovery rest life like demi gotta supportive system dont heal overnight,0,1
1538,tw ed recovery itâ€™s nice place recovery work want eat healthier without triggering losing weight like want body healthy itâ€™s also fun wonders mental health like hondo,0,1
1629,blogger mimi cole shares lived experience recovery recovery eating disorders including orthorexia possible yes really happens read,1,0
1505,cw eating disorders body image hi eating disorder iâ€™ve able acknowledge past week trans awareness week winds want say isnâ€™t enough support trans people especially trans women recovery ed,0,1
1551,body mass index selfreported body image german adolescents journal eating disorders full text,1,0
1569,depression anxiety insomnia adhd iâ€™m awkward get really anxious talking people sorry trigger tw suicide spiders bugs eating disorders went ed years ago self harm,0,1
771,brothers birthday means eat takeaway dinner breakfast brb gonna cry,0,1
591,ğŸ‘‰ğŸ»ğŸ‘ˆğŸ»ğŸ¥º thinspo edits use credit use made ğŸ’•,0,1
966,yall ever starve whole day2days favorite dinner one night kinda high calories,0,1
111,honestly iâ€™ve stuck worst restrict binge cycle ever itâ€™s getting worse gained lot weight much happy recovery wanna okay,0,1
1717,food safety major issue society according twothirds respondents tetra paks latest global research study,1,0
936,edtwt finally able see results,0,1
1168,think im anorexic moment mean want add weight food doesnt interest barely eat,0,1
1692,psychologists study body dysmorphia eating disorders black people develop lens white supremacy thus treatment offer black sufferers always flawed,1,0
1303,wonder happens everyone recovery ive also snapshare info work people wouldnt let weight humans garbage,0,1
1284,protein intake affects appetite amp calorie expenditure critical component weight loss american journal clinical nutrition,1,0
940,clinical study electroacupuncture obese patients binge eating disorder retrospective study,1,0
1335,eating disorders seasonal time nearing great however halloweenchristmas alarming time ed survivors please continue tag recovery photos appropriately recovery celebrated exposure dysmorphia good,0,1
361,sister best anorexic god damn lmaoğŸ˜©â€¼ï¸ anyways sum thinspo ğŸ˜‹ğŸ§â€â™€ï¸ğŸƒâ€â™€ï¸,0,1
1006,help need help restricting parents making recover need help someone send diet pills message ur iâ€™ll send u something return u want,0,1
1083,bringing two days abt three row ğŸ˜› good job rika ur really best anorexic,0,1
596,please take seriously anorexia kills people many anorexic patients also meet criteria itâ€™s weight shape itâ€™s control numbers treatment eating disorder services must autism training adopt needs ppl,1,0
1498,tw mentions ed pls brush ur fucking tongue stop acting like ur fat even slightly chubby risas u literally bones â€” u understand anything abt mental health hygene also im literally recovery bulimia havâ€¦,0,1
910,workouts found tumblr ago pro tag,0,1
331,patients higher calorie approach discharged 3 days sooner control group reported,1,0
1547,tw body image ed eating disorders 3 years recovery absolutely fucking nothing feel different accomplishmentğŸ˜ƒğŸ‘ğŸ»,0,1
1659,brilliant chatting podcast daily ğŸ“» talked things eating disorders christmas ğŸ„ recovery,1,0
519,tw mention depression anxiety ed afraid say havefuck im tired depression anxiety ed bingeeating thats want say,0,1
845,finally unprivated ed acc risas scared friends would find,0,1
692,recommend lose weight twâš ï¸,0,1
1559,â€œi struggled find boys online openly talking experiences recovery began posting videos online could personâ€,1,0
239,imagine looking good two âœŒğŸ» wishğŸ‘ğŸ‘„ğŸ‘,0,1
743,made old school thinspo aesthetic ah sweet nostalgiağŸ’œ,0,1
1342,dont encourage eating disorders people dont full fledged ed promote recovery,0,1
65,anorexic thenbff constantly tell exact thing wasnt trying get skinnier trying make waist proportionate almost flat chest thin legs different people eating disorders see supposed flaws really varies,0,1
534,study sexual perfectionism functioning women anorexia still open participants participation anonymous information,1,0
1361,dont know needs hear instagram dietitians eating disorder experts unless legitimately youâ€™re recovery ed strongly suggest making sure youâ€™re working professionals specialized eating disorders,0,1
29,agbero extortharassintimidate truckcart pushers food vendors hawkers stop also part problem,1,0
1708,experience eating disorder 16 live england take part help understanding genetic links eating disorders ğŸ‘‰,1,0
483,research media represented increasingly problem caused amp prevented individual action focus wider determinants including role government amp food industry decreased time,1,0
465,accepted ed months never thought anorexic got diagnosed felt really strange didnt think anorexic weeks okay,0,1
275,another recovery win wanting try years calories drinks freaked yesterday finally enjoyed festive delight loved win another defeat anorexia ğŸ’ª,0,1
1368,ed timeline 1013 yrs â†’ eating feelings â™¡ 14 yrs â†’ â€œdietingâ€ 15 yrs â†’ bulimia 16 yrs â†’ osfed 17 yrs â†’ â€œrecoveryâ€,0,1
1670,â€œrevised 2020 standards practice standards professional performance rdns competent proficient expert eating disordersâ€ available november journal academy nutrition dietetics learn,1,0
1328,hey guys next month iâ€™ll one year clean bulimia many see bulimic age 10 31 hope know itâ€™s hard road well worth say iâ€™m learning love every day,0,1
237,latest newsletter 1 homeopathy 30 days 2 study homeopathy amp tonsillitis 3 remedies fastest man 4 homeopathy encephalitis 5 10 remedies anorexia nervosa symptoms 6 free delivery â€“ read newsletter,1,0
1745,12 tw ed mental health racism zayn malik isnâ€™t white heâ€™s faced racism discrimination within music industry years heâ€™s also struggled eating disorders depression anxiety left one direction protect wellbeing,0,1
495,ur f,0,1
610,"study intermittent fasting predicted onset bulemia nervosa binge eating disorder 5year followup declared ""strong risk factor""",1,0
450,tw ed binging hi im sorry isnt lgbt related okay self dxed binge eating disorder mâ€¦ â€” self diagnosis valid circumstances long youâ€™re research d â€¦,0,1
1057,kaycais worst anorexic little bit trusting,0,1
1010,wowğŸ˜ wish huh,0,1
1691,ana urgently demands regular robust collection data monitor food nutrition trends identify emerging nutritional issues ways address national nutrition strategy needed underpin research interventions policies evaluations strategies,1,0
1852,bit info tell iâ€™m excited dm queries,1,0
1701,colleagues recruiting eating disorder clinicians explore links â€œhealthyâ€ disordered eating,1,0
755,like weird use hashtags like else find someone like one interacts risas like,0,1
1022,prospective study link weightrelated selfstigma binge eating role food addiction psychological distress,1,0
1173,im worst anorexic wouldnt know much cal surviving group could helpful harmless community jealousy shame ğŸ‘ğŸ‘ğŸ‘ğŸ‘,0,1
1302,atlantic canadians struggling cope rising food prices access issues since covid19 journal pioneer,1,0
974,high chasing never come also applies low numb want,0,1
824,kirbykilos yes ğŸ™„ sacrifice ankles ana thought wanna best anorexic ğŸ¤¨,0,1
518,doctorate study still open participants participation voluntary anonymous information,1,0
1523,"tw ed eating disorder ""pro recovery"" account also put weight loss bio come heavily pro eating disorders tbh id run toxi",0,1
1110,iâ€™m laziest anorexic prob meet ur life,0,1
1593,7 days without vomiting buy dress day 27,0,1
352,nowplaying reverse anorexia pretzel tune,1,0
439,grateful get message liz â¤ï¸ aim share many stories amp conversations possible show everyone definitely alone situation ğŸ’œ,1,0
366,â€˜are anorexicâ€™ bloody hell youâ€™d never able ask ğŸ‘€,0,1
1261,tw eating disorders iâ€™m currently eating disorder recovery ate one meal today mom yelled eating many calories iâ€™m eating dinner anything else hope sheâ€™s happy,0,1
1587,effort could aid study addiction eating disorders neuropsychiatric conditions involve faulty decisionmaking â€” sciencedaily,1,0
707,soon sort emotional response something angersadnessetc immediately flick binge eating mode ive binge eater long remember tbh daily struggle sometimes overcome,0,1
1809,"jack british food writer journalist activist campaigns poverty issues particularly hunger relief ""it took 24 years harness autistic traits something useful grown regard kind superpower""",1,0
398,part 2 studying final year psychology degree trying recruit 510 participants take part questionnairesurvey experiences ethics training completed approved confidential,1,0
203,alaba00 think way every food eat slightly detrimental health adds little bit good still ok much theres problem dont know much effects alcohol ive done research health fitness,1,0
609,last time ana lost stone month literally best thing ever even passed every time stood head rush intense,0,1
1403,ğŸš¨ funding call closes next thursday 5 november ğŸš¨ youre early midcareer researcher investigating eating disorders andor selfharm children adolescents young adults apply ğŸ‘‰,1,0
231,let u knowur bad anorexic ur drinking liquids water tea â¥,0,1
1601,dont recommend app people eating disorders popular app community almost used fact dont recommend calorie trackers like theyre taboo ed recovery spaces,0,1
1646,â€œwe want show recovery possibletheyâ€™re important inspire people educate peopleâ€,0,1
1867,really sure ever officially posted hard core porn serious dick pussy type sexual content ever post type shit,0,1
414,big ur tights waist,0,1
1352,part2 important speak countless girls suffer poor selfesteemeating disorders need athletes amp role models strong healthy authentic amp confident young women look inspires see video 1st post,1,0
135,replies like calories worst anorexic,0,1
618,add gcâ€™s pls need pls body shame pleaseğŸ¤ ,0,1
575,feeling skinnny ğŸ’€âœ¨,0,1
1330,lilwitchcottage ppl eating disorders iâ€™m ed recovery currently maybe itâ€™s personal experience find good tag food someone going thru episode doesnâ€™t upset personally iâ€™m point donâ€™t need cws somebody may,0,1
1465,eating disorders serious lifethreatening mental illnesses recovery gift read recovery stories anad blog ğŸ’œ,1,0
188,beat anorexia beat ocd beat anxiety went even knowing existed grateful got never gave better give either,0,1
365,omg remember ed tumblr years would wear red bracelets identify wild risas,0,1
1454,bulimia recovery gained 3kgs 4 months relapsed gained another 6kgs,0,1
1179,yâ€™all ate like 900 calories today weighed expecting gained 2 pounds lost weight eat 300 cals day stay binge lose tfğŸ˜©ğŸ˜©,0,1
23,rt bonespothinspo ph type anorexic insane,0,1
480,drink flavored water flavor packet says zero calories,0,1
1656,recovery anything praised alcohol drugs things like selfharm eating disorders ending negative thinking cycles etc praised celebrated matters matter,0,1
1718,hey iâ€™m andrew iâ€™m new ed twitter â€¼ï¸huge trigger warning self harm eating disorders depression anxiety basically easily triggered look accountâ€¼ï¸ ğŸ”ªstatsğŸ”ª height 5â€™3 sw 158lb cw 146lb gw 120lb ugw 95lb,0,1
903,bingeeating disorder clinical foundations treatment james e mitchell,1,0
905,youre sure man ive session session researching potential dates finding women anorexic try achieve,1,0
482,icymi binge eating ğŸ˜‹ read expert tips stop unconscious snacking,1,0
324,working case study like 2 hours â€˜binge eating disorderâ€™ think lowkey symptoms thought wasnâ€™t allowed disorders psych student ğŸ¤¡,1,0
1817,people eating disorders significantly likely also body dysmorphic disorder study shows,1,0
923,omg bmi smaller ageidk write srry anorexia,0,1
1128,lawful anorexic ğŸ˜­,0,1
1690,research suggests people follow news tend eat healthier dont,1,0
196,angi identified eight variants significantly associated nervosa,1,0
1233,lots clues ladys intelligence voted able look old white guy determine mental disorders knows lamp post looks like eating texas roadhouselove peanuts steaks obviously another pretty face,0,1
1474,know iâ€™m far gone recovery instead getting triggered princess dianaâ€™s bulimia crown im pissed bc theyâ€™re showing wrong,0,1
115,ik 900 cals still restriction lose weight eating n exercising either binge eat 200 cals day,0,1
1641,wonderful news prayers quick recovery grandma,0,1
976,forgot tags bye,0,1
354,many likes gets many hours im gonna fast ğŸ¥ºedtwt,0,1
1289,tw food ed recovery bulimia vomit like pasta one worst foods always felt guilty fats carbs high calories genuinely enjoyed mealğŸ¥ºğŸ¥ºğŸ¥º,0,1
554,new ed twitter âœ¨22âœ¨ âœ¨femaleâœ¨ âœ¨capricornâœ¨ âœ¨anything eat comes right back upâœ¨,0,1
925,hi new edtwt 19 95 kgs ğŸ¤¢ gw 60 kgs newish ed problems weight life depression anxiety diagnosed rt moots x,0,1
704,ghrelin activation neuropeptide y elevation response medium chain triglyceride administration anorexia nervosa patients sciencedirect,1,0
1471,research shows online treatments positive results range mental health problems including depression panic disorders ptsd eating disorders anxiety disorders substance use disorders,1,0
173,used eat exactly 9 grams puffed rice cinnamon lt3,0,1
1747,latest issue italian journal food science vol 32 4 2020 released complete issue available,1,0
254,france movement thread,0,1
1320,tw ed knew eating disorders worked would know commenting others bodys easily trigger eating disorder become even worse want support recovery stop commenting body much,0,1
733,passing weigh fucking rocks bra ten layers clothes drinking shit tons water risas still passed tho ğŸ¤·ğŸ»â€â™€ï¸,0,1
1729,balancing nutrition management role dietitians treatment journal eating disorders full text,1,0
1706,people eating disorders significantly likely also body dysmorphic disorder study shows,1,0
124,waste time thinking could done differently keep eyes road ahead differently,1,0
1707,researchers investigating heritage thousands rice varieties identified two distinct maternal lineages discovery could help address issue global food security via,1,0
163,anxiety depression idk anorexia counts also uhnh idk adhd ptsd considered,0,1
351,interact moot need moots,0,1
1394,intuitive eating shown promising results used part recovery process eating disorders,1,0
1677,10 meses de recovery da bulimia,0,1
694,eat 950 calories day 95 pounds 18th birthday d doesnâ€™t include calories burn work weâ€™ll see,0,1
1582,"mdpijcm ""special updated research eating disorders medical perspectives"" submit manuscripts 30 june 2021ğŸ˜‰",1,0
757,tw eating disorder â€œone days im gonna eat seeâ€ also researching binge eating disorder bc cannot stop eating,0,1
438,social cognition emotion regulation may impaired adolescents obesity independent presence binge eating disorder twocenter study,1,0
1473,tw cw eating disorderrecovery dawned today many weird little habits behaviours left bulimia im like life like forever,0,1
478,new research differential expression deltafosb reward processing regions binge eating prone resistant female rats binge eating characterized consumption large amounts palatable food discreteâ€¦,1,0
486,30 day fast started wish luck,0,1
233,scottpresler thats disgrace country anyone votes trump believes destruction united states byvthe way look like anorexic toothpick,0,1
1813,latest update maps 34methylenedioxy methamphetamine mdma clinical research trails treatment ptsd specific eating disorders anr bed,1,0
1768,must order eating disorders boys men traditionally recognised poorly researched treated,1,0
1159,havenâ€™t smoked weed since saturdayğŸ¤­ iâ€™ve stayed 500 cals since iâ€™m best anorexic iâ€™m weed ban risas,0,1
78,high calorie refeeding successful treatment anorexia nervosa,1,0
59,actually worst anorexic,0,1
1703,interesting reading â€˜although current evidence suggests eating disorders symptoms common military rigorous research needed make strong conclusionsâ€™,1,0
73,ğŸ“¹ eating disorders health issues betsy wurzelâ€™s guest today dr cynthia bulik phd faed talking book â€œbinge controlâ€ dr cynthia bulik founder unc center excellence eating disorder,1,0
1453,officially 15 years clean binging purging another milestone bulimia recovery 550 days â¤â¤,0,1
210,rt recent study suggests worries related covid19 may exacerbate conditions including anorexia binge eating,1,0
69,sixth grade always talkin bout one day id glow n get skinny n hot like shut bitch ur gna develop eating disorder ur even gna lose weight literal worst anorexic,0,1
162,5 avoidant disorder extremely picky food lack appetite 6 anorexia athletica someone whos addicted working obssessed body image common athletes,1,0
552,research didnâ€™t actually need done provides legitimizing data evidencebased treatment,1,0
1304,psas schizophrenic might tweet things dont make sense others due disorganized speech psychosis symptoms please dont talk eating disorders losing weight going diets recovery ednos helps relapse,0,1
1660,1 hiring postdoctoral research fellow eating disorders,1,0
1758,excess mortality associated populationbased cohort study patients eating disorders experience 57x higher mortality rates compared overall population,1,0
1581,"tw eating disorders ""recovery word use lot means finding way replace eating disorder gives security reason purpose"" thanks much writing needed today â¤ï¸",0,1
1673,truth 6 eating disorders eating disorders carry increased risk suicide medical complications truth seen aeds resource,1,0
1134,shes home ten months discussion consultant made decision really feels like shes punished illness,0,1
1307,thereâ€™s never harder time recovery gives hope weather easier days ahead,0,1
561,wed love get involved study see tweet info,1,0
906,need mutuals 17 anorexia nervosa gonna get technical pro recovery â¤ï¸ want everyone safe new ed ed twt diagnosed,0,1
637,binge eating cravings worse,1,0
1402,eating disorders heyo wanted say please careful cw tw food people also struggle eating disorders brain signal food something bad make recovery harder wanted point ty,0,1
220,omg guys youâ€™re constipated need eat burnt toast like black burn toast ğŸ’˜ğŸ’˜ğŸ’˜ edtwt,0,1
76,ejercicio vigoroso anorexic ass dont understand,0,1
1795,receiving bachelors degree taylor worked research coordinator renfrew center renfrewcenter examined treatment outcomes emotionfocused treatment eating disorders eds,1,0
1571,anyways hate life kind want die makes really sad canâ€™t wait yell therapist forcing bulimia recovery hate life,0,1
1164,brother barely eating even anorexic canâ€™t phantom eating little,0,1
1124,insightfulğŸ’š personally relate hormone imbalance bed used emotional eventually became irrational fear hungry cant distinguish full full feel normally full im scared get hungry soon,0,1
1190,need motivation please,0,1
759,download pdf eating awareness journal binge eaters food crazy mind journal 6x9 guided journals amp trackers gtgt,1,0
1058,really best anorexic say mammas chicken,0,1
462,many us best intentions lose weight perhaps time keep promises made â€‹â€‹to healthier life researchers say lose weight follow food plan psychological problem physiological,1,0
1325,listen podcast catalyst hasnt seen weeks sad,0,1
30,hungry today waiting late eat lunch almost passed outâ€¦and shaking ever anorexic like seriously ğŸ¥´,0,1
857,found able reduce food intake significantly became high power denying food clearly hungry made feel powerful control,0,1
1187,hate want cry badly family forcing eat 3 meals day full plate food much meat hate christmas comes food,0,1
374,minimoonwitch shes going die shes ed 10 15 years hardly anyone anorexia severe makes past 30 could drop dead second go,0,1
557,awesome article amp awesome journal agrp neurons control compulsive exercise survival activitybased anorexia model nature metabolism,1,0
1634,study eating disorders arab world literature review journal eating disorders,1,0
433,real life ana buddy whoâ€™s bestfriend whole life suck ed thing 1 us binges weâ€™re stuck bad binging losing weight cycle,0,1
1476,youre adult ed still valid youre underweight ed still valid dont count calories ed still valid eating disorders mental illnesses affect literally anyone youre valid deserve recovery much â™¡,0,1
44,eating disorders health issues heels pandemic eating disorders health issues heels pandemic betsy wurzelâ€™s guest today dr cynthia bulik phd faed talking book â€œbinge,1,0
168,whatâ€™s gold star anorexic become one,0,1
1539,thanksgiving really difficult holiday people suffering eating body image disorders try avoid commenting someone looks even itâ€™s meant compliment even smallest things help friends family recovery feel comfortable week,0,1
1757,â—ï¸we need male participants â—ï¸ 2 participants male men underrepresented study help us better understand menâ€™s experience eating disorders signing,1,0
1803,â˜ï¸ warning ed vent account â˜ï¸ consent tweets anything shared account used research study eating disorders mental disorder illness also please message asking weightloss tips,1,0
538,physiology pathways pathways associated ageing lead anorexia ageing,1,0
590,thinspo edits made use credit take pls ğŸ‘‰ğŸ»ğŸ‘ˆğŸ»ğŸ¥º thread,0,1
1423,tw eating disorders recovery best part abt working towards recovery binging every friday night able take healthy shit every morning seriously makes proud risas,0,1
841,binge urge triggers multifaceted food restriction often number one culprit,1,0
1739,1 hope everyone great case youre eager hear exciting research new paper available online european eating disorders review brenna williams brenwilli95 dr cheri levinson cherilev full cite,1,0
921,think fatspo okay edtwt,0,1
767,literally let skinny omfg,0,1
1001,itâ€™s also funny bc self diagnoses depression ocd paranoia hypochondria anorexia also correct given proper diagnosis long u research self diagnosis fine,0,1
567,clinical insights episode 1 psilocybin anorexia nervosa dr meg spriggs imperial college london brand new drug science series exploring latest clinical research psychoactive substances watch full insight gt,1,0
1132,anemic anorexic fucking hell,0,1
1617,tw eating disorders blogmas day 4 eating disorder recovery story 1 year since last purge,0,1
1506,"promote eating disorders intend way recovery get page motivation dont ed ""curiosity"" stage let tell ""curiosity killed cat"" donâ€™t make mistakes please",0,1
916,cw eating disorders new many people anorexia also autism researchers know conditions overlap â€” better treat eds autistic people,1,0
1280,important went develop labelled bulimic tendencies throughout eating disorder never binged engage said behaviours even drinking plain water,0,1
1588,heres quick weekend read important understand difference disordered eating eating disorders emily program specializes eating disorder recovery helps explain tipping point two,1,0
1843,eating eating lot less normal might suffering help please come see us,1,0
1709,research ed impact patients,1,0
1516,iâ€™m bulimia survivor celebrated 10 years recovery year iâ€™m going discussing season therapist,0,1
123,thank replying described feelings ed wise also told alot anxiety gave told mom therapists tend give low amount people suffer anorexia getting second opinion another therapist,0,1
1204,federal judge strikes trump plan slash food stamps 700000 unemployed americans,1,0
1200,twed guys im never going eat im going b skinny goddess ppl see floating thru school corridors envy body look beautifully dead like tim burton character food appeal tea coffee water,0,1
1444,tw eating disorders literally one asked failed recovery really wanna cry restrict please get comfort character pics comments cheer feel like shit,0,1
1805,macrofour vegans group seem higher risk reasons entirely clear greater preponderance people eating disorders may one recent study found significant difference vegans bmi â‰¥ 225,1,0
394,people please send meanspo something really need tomorrowğŸ¥º,0,1
1573,eating disorders survivors communal area talking staying goal weights despite recovery wanna say bro cannot avoid wrath dieticians theyll kill u man hgtjhggfrjhgjgrjhggt,0,1
194,recently diagnosed anorexia nervosa heart bit crook today ate breakfast lunch dinner feel awesome strong hands wins todayğŸ‘ŠğŸ» also please enjoy wet laundry sideboardğŸ™ğŸ»,0,1
432,new research perspectives involuntary treatment anorexia nervosa involuntary treatment anorexia nervosa option cases patients life peoples lives risk countries prevent theâ€¦,1,0
382,tw ed mention hair used thick thin bc anorexia used get giant balls size baseball kf hair fall shower hair thickness 30 year old man cant jus cuz itd obviohs fuck ğŸ˜­,0,1
1614,tw eating disorder others eating disorders must tag triggering things recovery tag arent helping anyone post may cause someone deciding stop recovery disgust istg,0,1
1125,im worst anorexic fucking empathy kid good idea mention fact ed able track road oh,0,1
413,finallyall talk food nutrition great must complemented psychological side disordered eating thinking patterns habits emotional relationship foodand changing thatâ€™s key,1,0
67,found today mom anorexia,0,1
1464,looking book eating disorders mental health recovery check story via,1,0
745,cannabis researchers describe serious withdrawal symptoms including aggression anger irritability anxiety insomnia anorexia depression restlessness headaches vomiting abdominal pain,1,0
1324,excited speaking event next thursday bring vision hope recovery severe enduring spoiler alert showing number extraordinary artworks illustrate story please tune,0,1
1395,recovery word used cheaply mental illness amp eating disorders implies person experiences symptoms course amp happen many others may spend lifetime managing symptoms varying degree takes great deal strength,1,0
464,bulimia isnt thing anorexia blog talk difference diseases bulimia became medical diagnosis click link ğŸ˜‰ğŸ‘‰,1,0
1385,best friend morbidly obese struggled ed past recovery ended lot binging heâ€™s gotten bloodwork done prediabetes high blood pressure 22 still doesnâ€™t want eat healthier donâ€™t know,0,1
1557,tw eating issues food self harm might sound insane seriously best thing could done recovery finding ive struggled long time w eating edâ€™s consider recovered behaviorally mental aspect,0,1
1785,research identifies several possible factors eating disorders predicted,1,0
588,4 days 3 meals iâ€™m harming,0,1
1864,say hello new friend mephistopheles likes bit edgy rough witness new video together manyvids 1299,0,1
1488,eating disorders affect 6 women europe research shows relationship childhood trauma developing conditions later life could psychedelic assisted psychotherapy help ed way helps ptsd weâ€™re going find,1,0
1563,"cw eating disorder top ways day problematic af real bitch people eating disorders recovery im thinking youre alone never ""earn"" right eat enjoy food family stressful",0,1
1347,youâ€™re anti recovery pro giving tips discourage people recovery unfollow everyone deserving recovery eating disorders hell everyone deserves recovery,0,1
427,trewvs beyond shocking surprised trust discharged saying circumstances treated servicebecause sufferers never relapse ğŸ˜ ,0,1
819,hi im new lillianlilly sheher 14 kpop gw 10095 pounds likecommentfollow moots,0,1
614,new study recruiting women help understand overlap anorexia bone health Â£20 reimbursement following completion interested please visit information,1,0
611,pregnancy made love body like never ever think baby every time really spiral path start miss body wish body able keep life always best part,0,1
812,im ordering scale tomorrow,0,1
261,bikinisaint go food bank today ss even fit shorts ğŸ¤¢ğŸ¤¢ğŸ¤® creepy vid looks like anorexic 14 year old wearing mothers disco shorts ğŸ¤¢ğŸ¤¢ğŸ¤®,0,1
855,cant wait till go back person school everyone see skinny got wanna skin bones want people shockedğŸ˜€ğŸ˜€ğŸ˜œâœŒï¸ pic,0,1
617,2019 105 us households food insecure point year worsened problem researchers found food insecurity doubled 2020â€” 23 households finding hard put food tables,1,0
678,send meanspo please ğŸŒ™ btw,0,1
1737,reginegalanti im clinical psych phd student specializing eating disorders studying transdiagnostic mechanisms eating disorders amp comorbidity esp selfcriticism amp hoping apply research treatment favorite selfcare strategy reading good book coffee â˜•ï¸,1,0
471,food tw ed tw depressed binge eating depressed appetite avoiding food,0,1
904,intro 17 yo female diagnosed anorexia nervosa since 2122020 struggling since 2017 14th birthday bi weight fat im want around people understand,0,1
1047,thinspo middle day hunger pains come new postings new suggestions new photos use chat box,0,1
1175,made safe diet amp shouldnt tried im disordered fuck,0,1
514,study use method may improve amp patients w attn,1,0
599,cadaverous dont feed model shit swallowing cotton balls drops juice wont able hit week something daily,0,1
259,reminder unplanned snack better binge ur really really fiending something eat eating may result binge 400cals better 1400cals,0,1
1671,tw eating disorders ed donâ€™t know itâ€™s ed recoveryish world always end end day feeling guilty fact donâ€™t digest food completely get rid like like iâ€™m biggest waster ever idk,0,1
408,new research longer cortical silent period length associated binge eating disorder exploratory study introduction although binge eating disorder bed eating disorder obesity clinical disease known bothâ€¦,1,0
332,cant anything let go dont prisoner things cant change,1,0
1772,submission open food nutritional disorders latest issue released information contact us foodnutritionepubjournalscom,1,0
654,anyone reply favorite easy hate working home workouts thank youuuu,0,1
383,howâ€™s everyoneâ€™s day far hope youâ€™ve achieved everything youâ€™ve wanted,0,1
843,13 never 13 13 15 19 17 life,0,1
1591,study abdominal radiology journal says 1 5 patients may show symptoms like nausea amp diarrhoea vary widely include loss appetite vomiting diarrhoea amp generalized abdominal pain,1,0
1553,tw eating disorders relapsed ended hospitalized passing multiple times day parents still dont care expect function school work normally im still recovery tired hell ğŸ˜,0,1
1007,im slowly losing motivation keep going weight loss im 8lbs away first goal weight pls help keep motivated,0,1
1853,anorexia would like advise us novel psychedelic treatment research study please contact dr meg spriggs mspriggsimperialacuk website many thanks,1,0
680,understand starvation itâ€™s triggering love,0,1
1036,birthday another lockdown feel st live alone someone cheer please,0,1
543,small study found tms shows great promise treating eating disorders study almost half anorexia bulimia symptom relief awesome depression eating disorders often go hand hand,1,0
1262,disordered eating behaviours eating disorders women australia without polycystic ovary syndrome crosssectional study,1,0
570,feel disappointed drs check good feel like whatâ€™s point,0,1
141,50 percent individuals anorexia nervosa cooccurring disorder,1,0
985,binge eating disorder bed actually common eating disorder affecting 35 percent women 2 percent men,1,0
774,following toxic pro ana people trigger likely think,0,1
339,looked mirror today dismorphia fucking bad im bloated head hurts hate damn body head much,0,1
862,carrie got good thinspo fr,0,1
1545,feeling quite fat ğŸ˜€ğŸ‘ cal range feel like support one irls also recovery recovering bulimia im proud far shes gotten ahh would tell im nervous think shell mean,0,1
613,much needs done,0,1
1463,"tiktoks ""lets eat together"" videos aim help teens struggling eating disorders recovery messages support encouragement help create community reinforces intuitive eating trusting body guide health",1,0
184,sorry keep tweeting anorexia fucking brain work shit memory canâ€™t even cover work,0,1
1822,"research ketogenic diet peripheral neuropathic pain 100 cases everyone benefits comply note ""healthy ketogenic diet""",1,0
529,scared get skinny wonâ€™t figure iâ€™ll rly wide idk,0,1
1621,bit personal one time shared experiences christmas time alongside lovely â¦hopevirgoâ© tips advice coping festive period year â¬‡ï¸ğŸ„ğŸ’«eatingdisorderrecovery,0,1
1431,listen stories overcoming amp recovery emmie nicole personal experiences eating disorders world obsessed diet culture provide information amp strategies need body positivity,1,0
651,exploratory study robert kumsta colleagues monocytes matched pre posttreatment samples nervosa finds lno evidence differences dna methylation,1,0
1490,trying recovery bulimia hard keep mind clear binge literally anything makes sad upset triggers bingepurge,0,1
250,donâ€™t know itâ€™s hard get back eating less even 900 calories,0,1
1026,â€œbut cattle ranching isnâ€™t root cause problem according un raising animals food one biggest drivers climate change amp habitat loss globally consume burning future planetâ€,1,0
1226,rt started itâ€™s going stan anybody recovery eating disorders matter journey â™¥ï¸,0,1
584,approximately 25 lac done 2018 wall street journal reported eating disorder causing people obsess weight eat,1,0
381,hey iâ€™m jay amp iâ€™m around 57kg goal 4550kg would love mutuals around cw go journey together follow iâ€™ll follow back,0,1
416,local refer ed â€œphaseâ€ bitch iâ€™m anorexic emo ğŸ˜­,0,1
962,anorexiaâ€™s link explained,1,0
669,researchers discover mechanism could explain anorexia possible treatment,1,0
1033,looking someone meanspo shame bully dm,0,1
1272,ebook free midlife eating disorders journey recovery gt,1,0
619,ciusssouestmtl great video done explain results new study realized,1,0
555,matter much lose gain still valid,0,1
752,anyone advice munchies swear smoking weed makes break fasting time fight munchies advice welcomedğŸ˜«,0,1
1458,body image muscle dysmorphia eating disorders boys men,1,0
182,â€œur acting like anorexicâ€ â€œu anorexic tendenciesâ€ â€œyeah last 6 yearsâ€ convos w momğŸ‘,0,1
170,talking ecg trying explain cases come fine need avoid thinking â€œ failed anorexicâ€ theyâ€™re okay n stuff,0,1
1362,tw ed goal end 2020 start recovery process purging amp restricting habits iâ€™ve struggled 10 years eating disorders amp itâ€™s time try amp live healthy life donâ€™t know got sudden motivation itâ€™s defo good,0,1
1760,research way find causes help us recognise early warning signs 4 key focus areas depression indigenous mental health eating disorders youth mental health,1,0
485,researchers discover neurons behind lethal anorexia answer highfat weight loss plan â€“ medical xpress,1,0
1556,eating disorders incredibly uneasy today ate potato last night meeting dr tomorrow bit regardless keep eating keep existing despite dysmorphia thatâ€™s recovery babey ğŸ˜ŒğŸ˜,0,1
1810,eating disorders may lead body dysmorphia researchers,1,0
1090,thanks phone reminding anorexic meals,0,1
802,brilliant worka definite must read clinicians fields expertise paola falcoski msc advanced specialist eating disorders dietitian,1,0
422,ive eaten 3 pieces pizza today,0,1
1552,tw eating disorders recovery also longest streak far means purging skipping day eating almost month 3 wowiee,0,1
721,new wallpaper edtwt ğŸ’—,0,1
175,though maximum time hair loss problem genetic large number people suffering hair loss problem due lack hair nutrients learn special food items medically effective hair loss problem â†’,1,0
530,saintmaud taking piss god doesnt talk us literally however talk victims aka doesnt someone make horror film real hiding plain sight,0,1
693,would anyone like interact looking friends like â€¢the occult â€¢talking ed stuff â€¢planning meals spells workouts diets etc im genuine iâ€™d love make sun friends 3 rt like dm,0,1
938,meanwhile youtubers mention eugenias name titles videos screwed ğŸ˜ messed words 22,0,1
1429,recovery era ish idk eating nice still disordered lot healthier give one ur fear foods ill eat meat vegetarian,0,1
334,interesting meeting morning nhs england working development guidance use within eating disorders hopefully shaping amp improving future services,1,0
817,someone give proana quotes donâ€™t come skinny feels kate moss one ğŸ’€,0,1
963,unpinning iâ€™m next goal weight170lb,0,1
932,anorexiaâ€™s link autism explained spectrum autism research news,1,0
706,someone bully like 2 days iâ€™ll actually commit fast,0,1
535,lowkey sad halloween already time iâ€™m excited get even skinnier christmas szn bitches ğŸ„â„ï¸,0,1
198,wait â€œget badâ€ get help eating disorder ed brain literally canâ€™t process â€œturns badâ€ bad ğŸ‘ğŸ» message brought looked anorexia fatality statistics ragrats,0,1
15,dad suggesting pizza anorexic currently trying keep calorie intake 100 today mind business,0,1
265,"tw thinspo ed anorexia someone tweeted pic elvis skinny legs deadass said ""elvis best anorexic"" fucking hate actual fuck wrong",0,1
602,finished 24 hour fast ate 300 cal started another 24 hour fast iâ€™m 4 hours intoburned 260 net around 40 calories bad 2 24 hours fasting break upğŸ’ª,0,1
939,beyond overeating podcast ep 5 recognise binge eating triggers via,1,0
889,new study johns hopkins medicine researchers adults hospitalized eating disorder anorexia nervosa strengthened case promoting rapid weight gain part overall efforts comprehensive treatment plan,1,0
809,hope everyones thanksgiving goes well remember one binge day wont ruin progress,0,1
1422,next weeks sharing truths aim providing additional education eating disorders join us next wednesday discuss another truth eating disorders,1,0
792,huge thank goes speaks participants reaching important milestones therapeutic journey form handwritten card research wouldnt possible without,1,0
1353,â€˜end eating disordersâ€™ podcast launched hosted millie thomas eating disorders recovery coach amp edgi participant podcast aims raise awareness deadly mental illness amp highlight recovery always possible,1,0
1798,ive researching whole issue food addiction related notion amp ill connect dots later,1,0
199,dyk 1stdegree relative someone eating disorder 12x likely develop one new study center excellence eating disorders working learn genetics,1,0
1816,aed webinar eating disorders research asia introducing special issue international journal eating disorders january 7 2021 700 pm 800 pm est,1,0
1546,cw ed recovery american peeps recovering eating disorders remember plan smth meal tmrw distract play game put movie take walk donâ€™t let fester bad thoughts ğŸ§¡ğŸ§¡ u r special love u,0,1
650,mass report roleplaynews1 showing even doxxing accounts please spread,0,1
1626,incredible seeing amount interest predicting recovery study cannot begin express appreciative many willing help us cure eating disorders,1,0
677,mom talking friend today next body looked purged like 2 min thatğŸ˜­ğŸ˜­,0,1
607,never ever wanna eat even see food thought food literally makes sick,0,1
1298,bulimia recovery hard dont even know recovering restriction much straightforward idk binge confusing,0,1
754,hey iâ€™m anorexic want create group chat share daily routine et juste keep support help reach goals please send dm make friends thank,0,1
1181,fat cow ana,0,1
1654,â€¢ doesnt matter youre eating 200 cal 1200 youre struggling mentally food body related issues valid worthy recovery,0,1
479,current favorite thinspo something hip bones sticks,0,1
1637,mom used bulimia sheâ€™s 16 years bp free love iâ€™m proud tbh full recovery possible yâ€™all,0,1
56,need moots heres bit ğŸ¥€yuna ğŸ¥€20 years old ğŸ¥€ednos bingestarving periods ğŸ¥€tried recovering 2 times ğŸ¥€used anorexia orthorexia ğŸ¥€158 cm ğŸ¥€ugw 43 kg looking 18 moots,0,1
593,iâ€™m love thinspo video tbh thinspo videos hit harder pictures ğŸ¤·ğŸ»â€â™€ï¸ send ur fave thinspo videos pls risas,0,1
497,tw thinspo popped tumblr iâ€™m lowkey crying canâ€™t meğŸ˜­,0,1
1281,"â€œthe prime minister didnt appear remotely aware key gap preparedness lack detail dozens important technical issues"" useless worst pm ever heâ€™s simply job grasp detail trumpian nightmare goes",0,1
43,everything bagel seasoning duh 5 calories per serving personal fave makes food taste like anorexia,0,1
1313,everyday give gratitude bulimia recovery feels freeing care calories exercise body image every second day youâ€™re struggling ed iâ€™m youâ€™re alone please donâ€™t suffer silence ğŸ’”,0,1
353,oh ladies eating disorders like anorexia extremely attractive anorexic ladies light weight like 110lbs extreme gap thighs pretty ladies would like start fucking,0,1
101,dieing bad protest falled government good roadno lights food please people come aid nigeria big problemendbadgoverment,1,0
1374,anxiety eating disorders related examining connection,1,0
849,new,1,0
107,friends family worrying weightless commenting lack eating calling anorexic joke disordered ass think im skinnnnyyyyyyyyyyyyyy,0,1
705,researchers receive grant study treatment options binge eating disorder veterans,1,0
1857,â˜‘ï¸ struggle accept body â˜‘ï¸ restrict certain foods diet â˜‘ï¸ obsess exercise amp health recover eating disorder amp live healthy satisfying life visit,1,0
1501,rate body dysmorphic disorder 12 times higher among individuals suspected eating disorders without according recent study anglia ruskin university,1,0
785,iâ€™ve researching treatment centers see wording surrounding binge eating disorder appalled finding ended treatment center health every size aligned last year idea,1,0
1627,heres soledad obrien say eating disorders importance sharing stories,1,0
548,always loosing gaining 1kg like bro cmon lemme get 58kg much ask,0,1
1583,families conversant research,1,0
544,new edtwt edtumblr dead asf â™¡ follow back â™¡ want bitch gtfo â™¡ 19 yo â™¡ neeeed weightloss tips please â™¡ want tiny possibly â™¡ iâ€™m open join gc pls,0,1
1193,"tw ed prick complete fantasist doesnt even bother research dxd treated pretends ""strange form anorexia"" think actually called bullshitimia",0,1
72,drank rockstar nd ate noodles im literally best anorexic,0,1
670,2015 study published science translational medicine discovered antibodies elicited pandemrix influenza vaccine cross reacted human brain protein hypocretin receptor 2 associated higher rates ocd anorexia anxiety disorder amp tic disorder,1,0
481,researchers find neuron behind fatal solution,1,0
1467,tw eating disorders making jokes proana fucking sickening especially havenâ€™t gone ed arenâ€™t making fun trauma holy shit least trigger tag keep mouth shut,0,1
1789,disordered eating also common higher bmi however treatment access often decided based bmi also reflected define eating disorders research,1,0
506,âœï¸ value ed research currently treatment rfa anorexia nervosa eds may well suited rfas collect enough data compare transdiagnostic mechanisms diagnoses5,1,0
1013,tw ed depression anxiety death alcoholism suicide suicidal thoughts anorexia eating disorder yall fucking stop using get likes fuck wrong,0,1
806,battling eating disorder restricting,1,0
930,latest caring abi adults,1,0
764,vaccines linked mental disorders yale study â€œthe researchers found correlations one vaccine particular influenza vaccine associated higher rates ocd anorexia anxiety disorder tic disorderâ€,1,0
988,emotional eating fucking stupid im like boohoo ed gives control moment something upsets could actually need fucking control brain like hehe binge,0,1
1831,researching genealogyğŸ§¬ even listening music may helpğŸ¶ journal alzheimers disease ğŸ“Œ eat mediterranean way people ate healthy eating plan involves piling whole grainsğŸ fruitğŸ vegetablesğŸ¥¬ fish nutsğŸ¥œ olive oil onto plate ğŸ¥—,1,0
405,experience anorexia reason work seeing julianaâ€™s story juxtaposed research moving struggling ed please know recovery possible gets better promise thank â¤ï¸,1,0
226,competitive supportive whoever breaks fast gets kicked 2 warnings binges pls donâ€™t need say cw,0,1
1600,recovery iâ€™ll eat probably 6001300kcal day think finally got fear food chocolate sometimes still go healthier alternatives things eating less iâ€™ll maybe two ab workouts week keep abs 10k steps,0,1
1662,application links live three postdoc positions 1 eating disorders research postdoc mentored amp adrienne juarascio 2 ed clinical postdoc supervised dr juarascio 3 obesity research postdoc mentored meghan butryn amp,1,0
736,want 2 b,0,1
1732,eating disorders gutbrain connection 8 researchbacked links 8 researched backed links,1,0
1487,recovery hard doesnâ€™t last forever eating disorders last forever get harder,0,1
926,"â€œbut thereâ€™s difference genders comes binge eating theres obsession muscular body isnâ€™t classified disease mainly affects men""",1,0
744,much lbskgs yâ€™all lostgained last 2 weeks,0,1
722,ed twt prevent hairlossmake hair thicker,0,1
1085,kaycais â€œiâ€™m worst anorexic iâ€™m gonna way gonna itâ€ ğŸ˜ğŸ˜‘ğŸ˜,0,1
1263,bastard directly responsible deaths food shortages refused give americans anything made party issue hate mitch mcconnell hope republicans save biden,0,1
1091,days arenâ€™t getting better im worst anorexic,0,1
1433,tw eating disorders like iâ€™m obsessed missing school recovery stuff voice apparently ğŸ¤©,0,1
286,new blogpost,1,0
1510,tw eds eating disorders truly joke started years ago â€œrecoveredâ€ 3 years ago donâ€™t tell ed recovery though even recovering parts ed mindset stays itâ€™s constant battle,0,1
712,ok iâ€™ve worst anorexic like past month itâ€™s time get shit together iâ€™m starting count calories diet tmr end month,0,1
1542,eating disorders without pursuing even semirecovery endgame dying grave reality im aware order retake life must eat whatever takes make eat brain says dying optimal please understand,0,1
1544,donâ€™t tweet whole lot today one year bulimia recovery proud thankful spirit thanksgiving want thank support group made amazing family friends therapists,0,1
944,coming soon collaboration center autism research first step exploring shared features anorexia nervosa autism spectrum disorder piece focus executive functioning,1,0
1715,tw eating disorders english teacher making us research paper eating disorders first fuck second itâ€™s made realize maybe one donâ€™t wanna paper wonâ€™t let another topic hate,0,1
1004,people come aea believing food problem discover lives unmanageable many ways aeaâ€™s twelve steps provide pathway new way living good sponsor imperative,1,0
859,new want moots 17 neos ğŸ”¥ğŸ˜±ğŸ¤£ cw 119 amp ugw 9085 lbs 52 im nonbinary amp gay mlm read carrd byf rt 2 mutuals,0,1
1249,rt must stop perpetuating narrative certain demographics struggle diagnostic system cultural narratives make much harder certain groups symptoms recognised eds affect anyone,0,1
949,gstevensonsport canâ€™t wait get back court 3 months mental health unit itâ€™s time fun 2020 since february shielding,1,0
1650,cw eating disorders remembering time recovery ed someone told â€œyou looked better year agoâ€ ğŸ˜ bitch,0,1
950,toxic canâ€™t wait iâ€™ve lost enough weight boyfriend worry iâ€™m league,0,1
1334,european eating disorders review covid19 issue open access,1,0
893,need strict pro ana coach dm pls,0,1
493,debs anorexia nervosa osteoporosis awareness via cant believe 8 years since died still miss desperately,1,0
1733,researchbased interventions eating disorders paraphilias,1,0
358,eatingdisorders nk gender race,1,0
1041,worried food companion holidays check podcast matt,1,0
236,isnt funny love starve second family screams dinner binge,0,1
551,jeez hello ig iâ€™m back ed twt pff rtlike mootslt3 19 theythem cw 116 ugw 88 dni youâ€™re gonna soft offended anything pro ana want well,0,1
